-- --------------------------------------------------------
-- Host:                         localhost
-- Versión del servidor:         10.5.8-MariaDB - mariadb.org binary distribution
-- SO del servidor:              Win64
-- HeidiSQL Versión:             11.0.0.5919
-- --------------------------------------------------------

/*!40101 SET @OLD_CHARACTER_SET_CLIENT=@@CHARACTER_SET_CLIENT */;
/*!40101 SET NAMES utf8 */;
/*!50503 SET NAMES utf8mb4 */;
/*!40014 SET @OLD_FOREIGN_KEY_CHECKS=@@FOREIGN_KEY_CHECKS, FOREIGN_KEY_CHECKS=0 */;
/*!40101 SET @OLD_SQL_MODE=@@SQL_MODE, SQL_MODE='NO_AUTO_VALUE_ON_ZERO' */;


-- Volcando estructura de base de datos para p2_asistencia_actividades
CREATE DATABASE IF NOT EXISTS `p2_asistencia_actividades` /*!40100 DEFAULT CHARACTER SET utf8 */;
USE `p2_asistencia_actividades`;

-- Volcando estructura para tabla p2_asistencia_actividades.academic_spaces
CREATE TABLE IF NOT EXISTS `academic_spaces` (
  `id` int(11) unsigned NOT NULL AUTO_INCREMENT,
  `period_id` int(11) unsigned NOT NULL,
  `name` varchar(255) NOT NULL,
  `semester` varchar(255) NOT NULL,
  PRIMARY KEY (`id`),
  KEY `academic_spaces_period_fk` (`period_id`),
  CONSTRAINT `academic_spaces_period_fk` FOREIGN KEY (`period_id`) REFERENCES `periods` (`id`) ON DELETE CASCADE ON UPDATE CASCADE
) ENGINE=InnoDB AUTO_INCREMENT=19 DEFAULT CHARSET=utf8;

-- Volcando datos para la tabla p2_asistencia_actividades.academic_spaces: ~8 rows (aproximadamente)
/*!40000 ALTER TABLE `academic_spaces` DISABLE KEYS */;
INSERT INTO `academic_spaces` (`id`, `period_id`, `name`, `semester`) VALUES
	(1, 3, 'Bases de datos II', 'Quinto'),
	(2, 3, 'Redes y Comunicaciones II', 'Quinto'),
	(3, 3, 'Diseño de Apps', 'Quinto'),
	(4, 3, 'Diagramación y Algoritmo', 'Primero'),
	(7, 4, 'Desarrollo de software', 'Segundo'),
	(8, 4, 'Lenguaje Estructurado', 'Segundo'),
	(9, 4, 'Estructura de datos', 'Tercero'),
	(10, 4, 'Analisis y Diseño de sistemas', 'Tercero');
/*!40000 ALTER TABLE `academic_spaces` ENABLE KEYS */;

-- Volcando estructura para tabla p2_asistencia_actividades.partials_activities
CREATE TABLE IF NOT EXISTS `partials_activities` (
  `id` int(11) unsigned NOT NULL AUTO_INCREMENT,
  `academic_space_id` int(11) unsigned NOT NULL,
  `date` date NOT NULL,
  `cut` int(50) NOT NULL,
  `name` varchar(255) DEFAULT NULL,
  `porcentage_in_cut` varchar(50) NOT NULL DEFAULT '',
  PRIMARY KEY (`id`),
  KEY `partials_activities_academic_space_fk` (`academic_space_id`),
  CONSTRAINT `partials_activities_academic_space_fk` FOREIGN KEY (`academic_space_id`) REFERENCES `academic_spaces` (`id`) ON DELETE CASCADE ON UPDATE CASCADE
) ENGINE=InnoDB AUTO_INCREMENT=410 DEFAULT CHARSET=utf8;

-- Volcando datos para la tabla p2_asistencia_actividades.partials_activities: ~274 rows (aproximadamente)
/*!40000 ALTER TABLE `partials_activities` DISABLE KEYS */;
INSERT INTO `partials_activities` (`id`, `academic_space_id`, `date`, `cut`, `name`, `porcentage_in_cut`) VALUES
	(102, 4, '2021-04-12', 3, 'Treeflex', '1.03'),
	(103, 4, '2021-06-07', 2, 'Stronghold', '3.92'),
	(104, 4, '2021-09-07', 1, 'Wrapsafe', '3.15'),
	(105, 4, '2021-06-25', 1, 'Hatity', '2.30'),
	(106, 2, '2021-09-07', 1, 'Sonair', '3.16'),
	(107, 3, '2021-10-12', 3, 'Zaam-Dox', '1.47'),
	(111, 1, '2021-03-09', 2, 'BD4', '3.84'),
	(112, 2, '2021-01-14', 3, 'Fixflex', '1.78'),
	(114, 1, '2021-01-17', 2, 'Kanlam', '2.07'),
	(115, 3, '2021-01-02', 3, 'Sub-Ex', '2.01'),
	(116, 4, '2021-08-27', 1, 'Asoka', '4.76'),
	(117, 2, '2021-05-29', 1, 'Sonsing', '2.59'),
	(120, 3, '2021-09-03', 1, 'Toughjoyfax', '1.22'),
	(121, 3, '2021-02-25', 2, 'Flexidy', '1.05'),
	(124, 4, '2021-11-02', 1, 'Treeflex', '2.19'),
	(125, 2, '2021-09-26', 3, 'Viva', '4.47'),
	(126, 3, '2021-07-11', 1, 'Sonsing', '3.67'),
	(127, 4, '2021-06-18', 1, 'Alpha', '1.78'),
	(128, 1, '2021-03-17', 1, 'Tempsoft', '2.85'),
	(129, 2, '2021-02-14', 2, 'Zaam-Dox', '1.54'),
	(130, 2, '2021-06-02', 2, 'Temp', '2.72'),
	(131, 1, '2021-06-26', 1, 'Tin', '2.12'),
	(132, 1, '2021-07-22', 3, 'Voltsillam', '2.90'),
	(135, 2, '2021-11-11', 3, 'Ronstring', '3.57'),
	(136, 4, '2021-04-29', 2, 'Home Ing', '1.18'),
	(137, 4, '2021-10-25', 3, 'Fintone', '2.44'),
	(138, 4, '2021-04-05', 3, 'Sonair', '1.52'),
	(140, 1, '2021-11-21', 1, 'Solarbreeze', '1.14'),
	(141, 3, '2021-04-18', 3, 'Toughjoyfax', '3.47'),
	(142, 3, '2021-04-19', 2, 'Y-find', '3.83'),
	(144, 3, '2021-10-30', 1, 'Fixflex', '3.78'),
	(148, 4, '2021-04-20', 3, 'Kanlam', '3.17'),
	(149, 4, '2021-02-05', 1, 'Sonsing', '2.39'),
	(151, 4, '2021-07-11', 1, 'Bamity', '4.02'),
	(152, 3, '2021-03-07', 2, 'Konklab', '4.59'),
	(153, 1, '2021-09-30', 3, 'Tampflex', '3.11'),
	(158, 4, '2021-10-08', 3, 'Stringtough', '1.28'),
	(159, 2, '2021-01-19', 1, 'Ventosanzap', '3.31'),
	(160, 2, '2021-06-01', 2, 'Sub-Ex', '2.43'),
	(161, 4, '2021-10-21', 1, 'Mat Lam Tam', '3.76'),
	(164, 2, '2021-02-04', 3, 'Cardguard', '4.57'),
	(165, 4, '2021-03-16', 2, 'Veribet', '4.11'),
	(166, 2, '2021-07-12', 1, 'Greenlam', '2.08'),
	(167, 1, '2021-01-12', 2, 'Alphazap', '4.99'),
	(168, 4, '2021-07-27', 2, 'Aerified', '4.33'),
	(170, 1, '2021-06-03', 3, 'Fixflex', '3.43'),
	(171, 3, '2021-11-24', 1, 'Daltfresh', '2.73'),
	(172, 1, '2021-11-17', 1, 'Rank', '3.35'),
	(173, 3, '2021-01-24', 3, 'Zathin', '2.55'),
	(174, 3, '2021-11-11', 3, 'Konklux', '2.75'),
	(175, 4, '2021-10-18', 2, 'Biodex', '4.55'),
	(176, 3, '2021-06-07', 3, 'Ventosanzap', '3.62'),
	(177, 1, '2021-05-29', 1, 'Sub-Ex', '2.79'),
	(178, 2, '2021-03-05', 3, 'Lotstring', '4.42'),
	(179, 3, '2021-01-23', 1, 'Transcof', '3.86'),
	(180, 2, '2021-09-02', 3, 'Treeflex', '4.62'),
	(181, 2, '2021-05-13', 3, 'Mat Lam Tam', '4.82'),
	(182, 1, '2021-08-21', 2, 'Latlux', '3.81'),
	(183, 2, '2021-06-20', 2, 'Tampflex', '3.88'),
	(184, 2, '2021-05-14', 1, 'Gembucket', '4.81'),
	(186, 1, '2021-08-25', 1, 'Konklab', '3.24'),
	(187, 2, '2021-03-27', 3, 'Bamity', '2.30'),
	(188, 3, '2021-08-24', 3, 'Lotlux', '3.55'),
	(190, 2, '2021-03-03', 1, 'Solarbreeze', '4.44'),
	(192, 2, '2021-08-25', 3, 'Sonair', '4.27'),
	(193, 1, '2021-03-07', 1, 'Mat Lam Tam', '1.16'),
	(194, 2, '2021-03-25', 3, 'Bytecard', '1.72'),
	(195, 3, '2021-05-12', 3, 'Sonsing', '2.37'),
	(196, 3, '2021-07-02', 2, 'Sonsing', '1.54'),
	(197, 2, '2021-06-02', 1, 'Mat Lam Tam', '1.96'),
	(200, 1, '2021-10-31', 2, 'Stim', '3.28'),
	(201, 8, '2021-09-26', 1, 'Voyatouch', '0.53'),
	(202, 8, '2021-11-21', 2, 'Bamity', '0.57'),
	(203, 9, '2021-11-30', 3, 'Kanlam', '0.89'),
	(205, 9, '2021-08-24', 1, 'Temp', '0.60'),
	(206, 9, '2021-11-21', 2, 'Pannier', '0.75'),
	(207, 8, '2021-10-17', 1, 'Gembucket', '0.46'),
	(209, 9, '2021-11-08', 3, 'Veribet', '0.35'),
	(210, 9, '2021-09-12', 1, 'Voyatouch', '0.49'),
	(211, 10, '2021-12-05', 2, 'Lotlux', '0.91'),
	(212, 10, '2021-09-29', 3, 'Bigtax', '0.53'),
	(213, 8, '2021-10-12', 1, 'Zontrax', '0.96'),
	(214, 10, '2021-11-14', 1, 'Fix San', '0.96'),
	(215, 8, '2021-11-18', 3, 'Transcof', '0.38'),
	(216, 10, '2021-11-28', 3, 'Trippledex', '0.05'),
	(218, 10, '2021-10-11', 3, 'Bytecard', '0.19'),
	(219, 10, '2021-08-18', 3, 'Andalax', '0.38'),
	(220, 8, '2021-10-11', 1, 'Matsoft', '0.75'),
	(221, 9, '2021-10-29', 1, 'Flexidy', '0.32'),
	(222, 10, '2021-08-15', 2, 'Konklux', '0.71'),
	(223, 8, '2021-11-03', 2, 'Cardguard', '0.32'),
	(224, 8, '2021-09-18', 1, 'Latlux', '0.94'),
	(225, 8, '2021-09-15', 2, 'Mat Lam Tam', '0.42'),
	(226, 9, '2021-09-19', 2, 'Quo Lux', '0.98'),
	(227, 9, '2021-09-04', 2, 'Overhold', '0.55'),
	(228, 7, '2021-09-17', 1, 'asd', '0.35'),
	(229, 10, '2021-08-26', 2, 'Cardify', '0.86'),
	(230, 9, '2021-12-09', 3, 'Solarbreeze', '0.14'),
	(231, 8, '2021-10-28', 3, 'Holdlamis', '0.84'),
	(232, 10, '2021-09-27', 2, 'Hatity', '0.89'),
	(233, 7, '2021-08-15', 1, 'Tempsoft', '0.47'),
	(234, 7, '2021-08-14', 2, 'Lotstring', '0.60'),
	(235, 10, '2021-09-09', 3, 'Tin', '0.19'),
	(236, 10, '2021-10-11', 1, 'Zontrax', '0.13'),
	(237, 7, '2021-08-15', 2, 'Stronghold', '0.14'),
	(238, 7, '2021-09-10', 2, 'Span', '0.51'),
	(239, 9, '2021-10-28', 3, 'Toughjoyfax', '0.53'),
	(240, 9, '2021-11-10', 3, 'Tampflex', '0.33'),
	(241, 8, '2021-12-08', 2, 'Voyatouch', '0.44'),
	(242, 7, '2021-08-22', 3, 'Sub-Ex', '0.72'),
	(243, 7, '2021-10-13', 2, 'Otcom', '0.31'),
	(244, 9, '2021-11-27', 2, 'Cardify', '0.86'),
	(245, 9, '2021-10-22', 2, 'Konklux', '0.04'),
	(246, 7, '2021-10-27', 1, 'Opela', '0.53'),
	(247, 10, '2021-08-05', 2, 'Matsoft', '0.68'),
	(248, 9, '2021-11-22', 2, 'Ventosanzap', '0.19'),
	(249, 7, '2021-09-07', 3, 'Subin', '0.24'),
	(250, 10, '2021-09-23', 3, 'Mat Lam Tam', '0.55'),
	(251, 9, '2021-09-01', 1, 'Bytecard', '0.34'),
	(252, 9, '2021-09-14', 3, 'Bitwolf', '0.55'),
	(253, 7, '2021-08-13', 2, 'Andalax', '0.71'),
	(254, 8, '2021-11-19', 2, 'Bamity', '0.91'),
	(255, 10, '2021-08-02', 2, 'Zaam-Dox', '0.93'),
	(256, 7, '2021-12-06', 2, 'Opela', '0.37'),
	(257, 8, '2021-10-20', 1, 'Job', '0.52'),
	(258, 8, '2021-11-19', 1, 'Sonsing', '0.91'),
	(259, 8, '2021-10-24', 2, 'Aerified', '0.40'),
	(260, 8, '2021-10-25', 2, 'Gembucket', '0.31'),
	(261, 10, '2021-09-29', 2, 'Holdlamis', '0.21'),
	(262, 10, '2021-11-08', 2, 'Tin', '0.79'),
	(263, 8, '2021-08-26', 1, 'Flexidy', '0.12'),
	(264, 10, '2021-08-25', 1, 'Lotlux', '0.20'),
	(265, 7, '2021-12-07', 3, 'Vagram', '0.34'),
	(266, 9, '2021-08-11', 3, 'Veribet', '0.69'),
	(267, 8, '2021-10-07', 2, 'Span', '0.62'),
	(268, 8, '2021-11-30', 2, 'Latlux', '0.09'),
	(269, 9, '2021-08-22', 3, 'Viva', '0.62'),
	(270, 8, '2021-12-06', 2, 'Zaam-Dox', '0.51'),
	(271, 8, '2021-08-12', 3, 'Tempsoft', '0.95'),
	(272, 7, '2021-09-26', 3, 'Flexidy', '0.85'),
	(273, 9, '2021-11-30', 2, 'Quo Lux', '0.04'),
	(274, 8, '2021-11-07', 1, 'Stringtough', '0.48'),
	(275, 9, '2021-10-05', 2, 'Sonair', '0.35'),
	(276, 7, '2021-08-05', 3, 'Voyatouch', '0.22'),
	(277, 7, '2021-10-05', 3, 'Zontrax', '0.30'),
	(278, 9, '2021-09-22', 3, 'Namfix', '0.69'),
	(279, 10, '2021-09-07', 3, 'Aerified', '0.86'),
	(280, 8, '2021-08-10', 2, 'Bitwolf', '0.28'),
	(281, 9, '2021-11-26', 3, 'Stim', '0.75'),
	(282, 10, '2021-10-19', 3, 'Kanlam', '0.58'),
	(283, 10, '2021-09-02', 1, 'Stim', '0.47'),
	(284, 10, '2021-08-15', 2, 'Overhold', '0.42'),
	(285, 9, '2021-08-15', 2, 'Tres-Zap', '0.70'),
	(286, 8, '2021-11-25', 1, 'Quo Lux', '0.15'),
	(287, 7, '2021-09-28', 3, 'Bigtax', '0.70'),
	(288, 9, '2021-09-14', 1, 'Biodex', '0.36'),
	(289, 10, '2021-09-03', 1, 'Zontrax', '0.03'),
	(290, 7, '2021-12-07', 3, 'Transcof', '0.30'),
	(291, 7, '2021-11-14', 2, 'Keylex', '0.94'),
	(292, 7, '2021-11-01', 2, 'Ventosanzap', '0.01'),
	(293, 7, '2021-11-16', 1, 'Tresom', '0.78'),
	(294, 10, '2021-08-16', 1, 'Tin', '0.69'),
	(295, 10, '2021-08-30', 2, 'Hatity', '0.43'),
	(296, 9, '2021-08-07', 1, 'Prodder', '0.36'),
	(297, 7, '2021-08-14', 1, 'Fix San', '0.29'),
	(298, 10, '2021-08-19', 1, 'Stronghold', '0.10'),
	(299, 9, '2021-09-16', 2, 'Temp', '0.61'),
	(300, 9, '2021-11-03', 1, 'Bitwolf', '0.33'),
	(301, 7, '2021-09-28', 3, 'Y-Solowarm', '0.67'),
	(302, 7, '2021-11-27', 1, 'Fix San', '0.31'),
	(303, 8, '2021-12-03', 2, 'Temp', '0.49'),
	(304, 10, '2021-11-03', 2, 'Sonsing', '0.16'),
	(305, 8, '2021-08-24', 3, 'Alpha', '0.56'),
	(306, 10, '2021-08-01', 1, 'Sonsing', '0.38'),
	(307, 9, '2021-09-09', 3, 'Fix San', '0.39'),
	(308, 7, '2021-10-28', 2, 'Sub-Ex', '0.27'),
	(309, 10, '2021-08-03', 1, 'Otcom', '0.50'),
	(310, 7, '2021-12-05', 3, 'Treeflex', '0.23'),
	(311, 10, '2021-08-30', 3, 'Ventosanzap', '0.22'),
	(312, 10, '2021-08-06', 1, 'Pannier', '0.58'),
	(313, 10, '2021-09-19', 1, 'Konklux', '0.73'),
	(314, 10, '2021-09-07', 2, 'Aerified', '0.83'),
	(315, 8, '2021-11-25', 3, 'Fixflex', '0.37'),
	(316, 9, '2021-08-26', 3, 'Latlux', '0.74'),
	(317, 10, '2021-11-19', 3, 'Tin', '0.09'),
	(318, 7, '2021-08-24', 2, 'Kanlam', '0.33'),
	(319, 10, '2021-08-16', 1, 'Veribet', '0.25'),
	(320, 7, '2021-11-26', 2, 'Regrant', '0.17'),
	(321, 10, '2021-12-08', 3, 'Y-find', '0.16'),
	(322, 10, '2021-12-03', 1, 'Duobam', '0.10'),
	(323, 10, '2021-10-31', 2, 'Veribet', '0.10'),
	(324, 8, '2021-11-17', 1, 'Cardify', '0.35'),
	(325, 9, '2021-08-03', 1, 'Sonsing', '0.42'),
	(326, 8, '2021-08-14', 3, 'Tin', '0.57'),
	(327, 9, '2021-08-22', 3, 'Tresom', '0.46'),
	(328, 9, '2021-11-09', 3, 'Voyatouch', '0.83'),
	(329, 8, '2021-10-03', 2, 'Matsoft', '0.26'),
	(330, 8, '2021-11-09', 2, 'Alpha', '0.65'),
	(331, 7, '2021-08-26', 2, 'Home Ing', '0.89'),
	(332, 7, '2021-10-31', 1, 'Y-find', '0.99'),
	(333, 9, '2021-11-20', 2, 'Zaam-Dox', '0.31'),
	(334, 9, '2021-10-15', 2, 'Opela', '0.87'),
	(335, 9, '2021-09-05', 1, 'Konklab', '0.67'),
	(336, 10, '2021-08-08', 2, 'Flexidy', '0.35'),
	(337, 8, '2021-09-08', 2, 'Gembucket', '0.59'),
	(338, 8, '2021-10-21', 3, 'Cardify', '0.31'),
	(339, 8, '2021-08-05', 3, 'Toughjoyfax', '0.52'),
	(340, 10, '2021-10-29', 1, 'Ronstring', '0.12'),
	(341, 9, '2021-11-07', 1, 'Aerified', '0.83'),
	(342, 8, '2021-09-05', 3, 'Cardguard', '0.96'),
	(343, 9, '2021-08-08', 2, 'Asoka', '0.18'),
	(344, 8, '2021-10-13', 3, 'Overhold', '0.67'),
	(345, 9, '2021-11-18', 1, 'Viva', '0.87'),
	(346, 10, '2021-11-20', 1, 'Cardify', '0.33'),
	(347, 9, '2021-10-25', 3, 'Lotlux', '0.43'),
	(348, 7, '2021-11-10', 1, 'Treeflex', '0.92'),
	(349, 9, '2021-09-04', 2, 'Daltfresh', '0.78'),
	(350, 7, '2021-08-29', 2, 'Fixflex', '0.69'),
	(351, 9, '2021-08-16', 2, 'Matsoft', '0.20'),
	(352, 8, '2021-09-14', 2, 'Veribet', '0.28'),
	(353, 8, '2021-12-02', 3, 'Lotstring', '0.19'),
	(354, 9, '2021-10-01', 2, 'Job', '0.63'),
	(355, 10, '2021-11-08', 2, 'Fintone', '0.68'),
	(356, 8, '2021-08-31', 2, 'Transcof', '0.28'),
	(357, 7, '2021-11-23', 1, 'Matsoft', '0.37'),
	(358, 7, '2021-08-09', 1, 'Lotlux', '0.44'),
	(359, 10, '2021-09-09', 1, 'Alphazap', '0.07'),
	(360, 9, '2021-09-15', 1, 'Wrapsafe', '0.57'),
	(361, 10, '2021-08-28', 1, 'Tempsoft', '0.19'),
	(362, 10, '2021-11-27', 2, 'Bitwolf', '0.87'),
	(363, 9, '2021-08-20', 2, 'Pannier', '0.78'),
	(364, 8, '2021-08-01', 1, 'Zamit', '0.40'),
	(365, 9, '2021-09-21', 3, 'Veribet', '0.56'),
	(366, 10, '2021-11-15', 2, 'Tresom', '0.23'),
	(367, 10, '2021-08-19', 3, 'Biodex', '0.92'),
	(368, 8, '2021-12-06', 1, 'Overhold', '0.75'),
	(369, 9, '2021-10-15', 1, 'Bitchip', '0.92'),
	(370, 9, '2021-08-12', 1, 'Treeflex', '0.87'),
	(371, 8, '2021-10-18', 1, 'Treeflex', '0.98'),
	(372, 9, '2021-10-20', 1, 'Tempsoft', '0.30'),
	(373, 10, '2021-10-16', 1, 'Bitchip', '0.85'),
	(374, 9, '2021-09-24', 2, 'Otcom', '0.77'),
	(375, 10, '2021-08-12', 1, 'Bitwolf', '0.52'),
	(376, 10, '2021-10-09', 1, 'Flowdesk', '0.11'),
	(377, 8, '2021-10-11', 2, 'Stronghold', '0.05'),
	(378, 7, '2021-11-29', 1, 'Fix San', '0.67'),
	(379, 7, '2021-10-31', 1, 'Alpha', '0.20'),
	(380, 7, '2021-09-05', 1, 'Home Ing', '0.41'),
	(381, 9, '2021-10-20', 1, 'Overhold', '0.75'),
	(382, 10, '2021-08-14', 2, 'Voyatouch', '0.29'),
	(383, 9, '2021-11-20', 2, 'Lotlux', '0.19'),
	(384, 8, '2021-10-18', 2, 'Kanlam', '0.21'),
	(385, 9, '2021-11-02', 3, 'Veribet', '0.39'),
	(386, 9, '2021-10-21', 1, 'Viva', '0.91'),
	(387, 9, '2021-10-17', 1, 'Transcof', '0.83'),
	(388, 7, '2021-08-18', 3, 'Sonsing', '0.90'),
	(389, 8, '2021-11-04', 3, 'Cardguard', '0.75'),
	(390, 8, '2021-10-30', 2, 'Stim', '0.92'),
	(391, 10, '2021-11-30', 3, 'Regrant', '0.47'),
	(392, 7, '2021-09-18', 2, 'Konklab', '0.51'),
	(393, 10, '2021-09-07', 2, 'Wrapsafe', '0.74'),
	(394, 7, '2021-09-03', 3, 'Redhold', '1.00'),
	(395, 8, '2021-08-28', 1, 'Matsoft', '0.28'),
	(396, 10, '2021-09-11', 3, 'Lotlux', '0.05'),
	(397, 9, '2021-11-11', 1, 'Namfix', '0.40'),
	(398, 9, '2021-08-04', 1, 'Greenlam', '0.55'),
	(399, 10, '2021-08-04', 1, 'Sonair', '0.74'),
	(400, 10, '2021-09-20', 3, 'Stringtough', '0.62'),
	(402, 3, '2021-04-08', 2, 'Camilo', '0.30'),
	(403, 3, '2021-03-30', 2, 'asd', '0.00'),
	(404, 1, '2021-04-30', 2, 'Parcial 2', '1.00'),
	(405, 1, '2021-04-02', 2, 'L4G', '1.00'),
	(406, 7, '2021-04-08', 2, 'L4G', '1.00'),
	(409, 3, '2021-06-12', 3, 'Examen Final', '0.1');
/*!40000 ALTER TABLE `partials_activities` ENABLE KEYS */;

-- Volcando estructura para tabla p2_asistencia_actividades.periods
CREATE TABLE IF NOT EXISTS `periods` (
  `id` int(11) unsigned NOT NULL AUTO_INCREMENT,
  `date` year(4) NOT NULL,
  `period` int(11) unsigned NOT NULL,
  PRIMARY KEY (`id`)
) ENGINE=InnoDB AUTO_INCREMENT=20 DEFAULT CHARSET=utf8;

-- Volcando datos para la tabla p2_asistencia_actividades.periods: ~5 rows (aproximadamente)
/*!40000 ALTER TABLE `periods` DISABLE KEYS */;
INSERT INTO `periods` (`id`, `date`, `period`) VALUES
	(3, '2021', 1),
	(4, '2021', 2),
	(15, '2022', 1),
	(18, '2022', 2),
	(19, '2022', 2);
/*!40000 ALTER TABLE `periods` ENABLE KEYS */;

-- Volcando estructura para tabla p2_asistencia_actividades.sessions
CREATE TABLE IF NOT EXISTS `sessions` (
  `id` int(11) unsigned NOT NULL AUTO_INCREMENT,
  `academic_space_id` int(11) unsigned NOT NULL,
  `date` date NOT NULL,
  `cut` varchar(255) NOT NULL,
  `time_start` varchar(50) NOT NULL DEFAULT '',
  `time_end` varchar(50) NOT NULL DEFAULT '',
  PRIMARY KEY (`id`),
  KEY `sessions_academic_sapces_fk` (`academic_space_id`),
  CONSTRAINT `sessions_academic_sapces_fk` FOREIGN KEY (`academic_space_id`) REFERENCES `academic_spaces` (`id`) ON DELETE CASCADE ON UPDATE CASCADE
) ENGINE=InnoDB AUTO_INCREMENT=2009 DEFAULT CHARSET=utf8;

-- Volcando datos para la tabla p2_asistencia_actividades.sessions: ~731 rows (aproximadamente)
/*!40000 ALTER TABLE `sessions` DISABLE KEYS */;
INSERT INTO `sessions` (`id`, `academic_space_id`, `date`, `cut`, `time_start`, `time_end`) VALUES
	(1, 3, '2021-01-04', '1', '08:31:59', '10:10:15'),
	(4, 3, '2021-04-05', '2', '07:31:59', '15:31:49'),
	(8, 4, '2021-01-31', '3', '01:08:54', '09:24:00'),
	(9, 4, '2021-03-04', '1', '12:16:29', '12:02:50'),
	(10, 4, '2021-01-30', '2', '12:06:06', '14:12:57'),
	(13, 3, '2021-01-28', '1', '04:59:25', '07:14:06'),
	(14, 3, '2021-10-13', '2', '21:55:37', '11:23:40'),
	(15, 4, '2021-08-09', '2', '00:25:45', '16:04:30'),
	(16, 4, '2021-09-20', '3', '16:13:21', '04:50:58'),
	(17, 4, '2021-03-19', '3', '05:16:15', '10:28:05'),
	(18, 3, '2021-11-08', '1', '07:02:32', '02:09:41'),
	(19, 2, '2021-10-21', '1', '10:31:10', '10:10:53'),
	(21, 2, '2021-03-19', '3', '06:10:50', '07:17:55'),
	(24, 1, '2021-01-07', '2', '20:29:26', '06:31:37'),
	(25, 1, '2021-10-05', '1', '22:15:35', '10:45:36'),
	(27, 4, '2021-01-18', '3', '22:42:45', '18:19:54'),
	(28, 2, '2021-05-12', '3', '15:58:46', '01:13:21'),
	(29, 2, '2021-07-29', '1', '02:44:14', '12:21:00'),
	(30, 3, '2021-03-05', '3', '15:16:35', '07:57:24'),
	(31, 4, '2021-10-05', '2', '14:27:58', '01:23:27'),
	(33, 4, '2021-07-06', '1', '12:23:43', '23:55:20'),
	(34, 2, '2021-04-09', '3', '17:52:32', '03:00:30'),
	(37, 1, '2021-07-05', '2', '14:24:57', '20:52:18'),
	(41, 2, '2021-06-11', '1', '09:06:11', '03:48:38'),
	(43, 1, '2021-08-06', '2', '06:36:33', '02:14:23'),
	(44, 2, '2021-07-28', '3', '01:10:29', '04:54:42'),
	(45, 2, '2021-01-18', '2', '20:27:23', '01:53:58'),
	(47, 1, '2021-03-27', '3', '17:08:33', '07:52:39'),
	(50, 3, '2021-10-27', '2', '14:28:13', '02:14:19'),
	(51, 4, '2021-11-19', '3', '11:26:59', '05:04:12'),
	(52, 1, '2021-11-08', '1', '23:08:39', '19:33:13'),
	(53, 2, '2021-08-03', '3', '15:43:49', '19:51:34'),
	(54, 3, '2021-01-16', '3', '06:04:33', '00:42:28'),
	(55, 2, '2021-04-05', '1', '19:33:37', '00:44:51'),
	(56, 1, '2021-09-18', '1', '20:45:25', '07:59:42'),
	(58, 4, '2021-04-14', '2', '17:02:10', '05:05:42'),
	(59, 1, '2021-11-03', '3', '03:12:58', '01:49:20'),
	(62, 3, '2021-03-09', '1', '06:06:35', '11:02:36'),
	(63, 3, '2021-02-06', '2', '21:42:09', '10:20:40'),
	(65, 1, '2021-07-02', '1', '15:03:50', '10:56:58'),
	(66, 1, '2021-11-03', '3', '17:30:32', '15:40:26'),
	(69, 4, '2021-03-11', '3', '17:47:51', '13:45:26'),
	(71, 2, '2021-05-06', '3', '03:58:08', '13:36:00'),
	(73, 1, '2021-01-26', '3', '10:49:38', '03:59:09'),
	(76, 1, '2021-06-07', '2', '14:30:59', '15:21:19'),
	(77, 3, '2021-08-11', '3', '10:17:27', '19:03:01'),
	(78, 2, '2021-06-15', '2', '14:58:14', '12:56:51'),
	(80, 3, '2021-01-07', '2', '12:54:34', '21:35:09'),
	(81, 2, '2021-02-01', '1', '10:23:02', '19:07:06'),
	(82, 3, '2021-03-19', '1', '13:23:08', '04:50:40'),
	(83, 4, '2021-09-14', '3', '02:13:59', '16:17:43'),
	(84, 3, '2021-07-02', '3', '10:34:44', '05:31:08'),
	(85, 1, '2021-07-01', '1', '04:36:11', '03:05:37'),
	(86, 1, '2021-05-28', '1', '05:25:56', '04:32:37'),
	(88, 1, '2021-06-24', '1', '06:20:29', '17:06:23'),
	(91, 3, '2021-11-22', '1', '10:04:39', '22:26:29'),
	(93, 1, '2021-07-06', '2', '03:22:09', '16:14:37'),
	(95, 2, '2021-10-20', '3', '00:02:29', '09:38:15'),
	(97, 4, '2021-03-02', '2', '05:58:32', '01:03:17'),
	(98, 4, '2021-06-11', '3', '03:00:47', '23:58:55'),
	(99, 4, '2021-05-20', '3', '06:49:19', '17:33:49'),
	(100, 4, '2021-04-12', '2', '21:29:10', '04:02:04'),
	(101, 2, '2021-04-07', '2', '18:45:39', '06:46:43'),
	(102, 3, '2021-08-26', '2', '07:33:36', '18:24:10'),
	(103, 3, '2021-08-11', '1', '23:46:08', '11:35:06'),
	(104, 1, '2021-02-03', '1', '09:04:01', '06:09:18'),
	(105, 3, '2021-01-06', '1', '18:34:06', '16:55:51'),
	(106, 2, '2021-11-11', '2', '03:38:59', '23:40:09'),
	(107, 3, '2021-02-09', '3', '22:00:00', '17:30:32'),
	(108, 3, '2021-11-29', '2', '16:11:02', '15:52:58'),
	(109, 2, '2021-10-06', '3', '11:55:49', '02:48:40'),
	(111, 3, '2021-11-14', '3', '16:51:36', '21:15:13'),
	(113, 3, '2021-04-06', '3', '15:33:15', '08:17:39'),
	(114, 1, '2021-11-08', '3', '01:20:39', '05:48:37'),
	(115, 4, '2021-02-16', '3', '17:03:40', '10:51:28'),
	(116, 4, '2021-02-20', '2', '06:23:07', '04:22:50'),
	(117, 1, '2021-04-26', '2', '06:02:50', '07:35:47'),
	(118, 4, '2021-06-29', '2', '14:48:40', '09:12:08'),
	(119, 3, '2021-01-31', '3', '21:17:39', '23:56:10'),
	(120, 3, '2021-09-11', '1', '13:35:02', '16:25:54'),
	(122, 2, '2021-03-24', '1', '15:39:34', '06:24:20'),
	(125, 4, '2021-09-30', '2', '08:58:27', '15:35:51'),
	(126, 2, '2021-08-28', '3', '19:02:24', '13:19:21'),
	(127, 1, '2021-01-04', '2', '00:06:57', '11:37:23'),
	(128, 3, '2021-07-18', '2', '09:23:59', '19:33:59'),
	(129, 4, '2021-03-22', '2', '22:57:18', '08:08:51'),
	(132, 2, '2021-08-05', '2', '10:40:45', '19:06:18'),
	(133, 3, '2021-03-01', '3', '18:45:33', '10:10:44'),
	(134, 3, '2021-02-13', '3', '23:51:44', '00:26:01'),
	(135, 3, '2021-05-28', '3', '15:59:33', '19:05:03'),
	(137, 1, '2021-03-29', '3', '02:52:37', '02:17:14'),
	(138, 4, '2021-01-04', '1', '08:11:30', '06:06:52'),
	(139, 1, '2021-06-08', '3', '12:58:13', '14:20:53'),
	(140, 2, '2021-04-21', '1', '17:32:33', '19:34:13'),
	(142, 2, '2021-04-03', '1', '11:53:26', '09:03:52'),
	(143, 3, '2021-09-02', '2', '17:21:38', '03:59:21'),
	(144, 3, '2021-05-11', '2', '21:54:50', '11:43:51'),
	(145, 2, '2021-10-29', '1', '09:29:51', '03:30:29'),
	(146, 4, '2021-11-16', '1', '15:59:25', '09:25:04'),
	(147, 2, '2021-01-09', '3', '23:27:40', '04:29:12'),
	(148, 1, '2021-04-04', '2', '08:16:16', '12:37:33'),
	(149, 1, '2021-05-27', '2', '05:56:10', '19:00:33'),
	(150, 1, '2021-01-31', '3', '10:10:52', '03:05:51'),
	(151, 4, '2021-05-03', '3', '07:24:57', '08:04:16'),
	(152, 2, '2021-05-14', '1', '15:04:15', '03:47:16'),
	(153, 4, '2021-02-12', '2', '01:44:36', '21:17:29'),
	(154, 3, '2021-11-18', '1', '13:18:58', '05:36:49'),
	(156, 1, '2021-04-01', '3', '08:11:35', '11:28:59'),
	(157, 1, '2021-11-20', '2', '15:53:08', '02:03:17'),
	(158, 4, '2021-11-20', '2', '16:02:29', '17:35:53'),
	(159, 3, '2021-02-06', '3', '18:55:37', '14:05:06'),
	(160, 1, '2021-03-25', '2', '15:23:25', '22:09:03'),
	(161, 4, '2021-10-21', '3', '09:29:57', '09:57:15'),
	(163, 2, '2021-11-02', '3', '15:04:50', '09:40:17'),
	(164, 2, '2021-06-15', '2', '13:26:39', '10:59:33'),
	(165, 1, '2021-07-10', '2', '05:06:35', '04:14:29'),
	(166, 1, '2021-06-20', '2', '12:04:25', '17:49:32'),
	(170, 3, '2021-09-01', '1', '04:43:58', '01:21:19'),
	(171, 1, '2021-03-11', '1', '19:20:36', '19:24:34'),
	(172, 2, '2021-07-12', '1', '17:20:19', '04:03:48'),
	(173, 3, '2021-01-27', '1', '19:23:22', '18:49:10'),
	(174, 1, '2021-05-21', '1', '02:53:42', '18:12:36'),
	(175, 4, '2021-01-14', '3', '20:49:48', '00:12:38'),
	(176, 4, '2021-06-08', '3', '01:25:35', '04:30:45'),
	(179, 1, '2021-02-08', '2', '12:50:55', '15:54:24'),
	(180, 2, '2021-05-11', '3', '22:47:27', '07:25:39'),
	(181, 4, '2021-02-22', '2', '13:20:27', '06:07:00'),
	(184, 1, '2021-08-04', '2', '12:30:53', '04:23:10'),
	(188, 4, '2021-11-15', '3', '07:50:59', '01:33:04'),
	(192, 2, '2021-07-11', '2', '06:13:54', '02:29:30'),
	(195, 4, '2021-01-16', '3', '18:35:56', '18:16:29'),
	(196, 4, '2021-08-04', '3', '11:07:33', '08:43:52'),
	(199, 1, '2021-03-29', '1', '02:48:13', '19:50:10'),
	(200, 4, '2021-11-26', '3', '17:17:15', '23:33:06'),
	(201, 2, '2021-02-17', '3', '17:00:00', '19:49:09'),
	(202, 1, '2021-05-24', '2', '23:45:32', '03:35:05'),
	(203, 1, '2021-07-01', '1', '05:13:45', '22:06:37'),
	(204, 3, '2021-02-09', '3', '01:53:05', '05:40:40'),
	(205, 1, '2021-03-03', '3', '14:31:26', '23:28:24'),
	(207, 2, '2021-07-27', '3', '21:47:03', '20:01:12'),
	(208, 2, '2021-02-07', '1', '11:38:40', '02:17:44'),
	(209, 2, '2021-07-26', '1', '21:59:24', '23:02:51'),
	(210, 3, '2021-06-23', '3', '21:42:57', '20:06:04'),
	(211, 2, '2021-08-18', '1', '13:49:38', '05:18:27'),
	(212, 3, '2021-06-19', '2', '15:15:42', '08:30:53'),
	(213, 4, '2021-04-20', '2', '01:38:27', '17:34:50'),
	(215, 4, '2021-04-09', '2', '02:51:28', '09:46:10'),
	(216, 4, '2021-04-16', '1', '12:16:20', '04:08:38'),
	(218, 3, '2021-06-09', '3', '11:11:12', '08:35:28'),
	(221, 4, '2021-06-25', '2', '19:05:14', '11:17:40'),
	(223, 3, '2021-01-28', '1', '01:40:10', '16:23:12'),
	(224, 2, '2021-04-23', '1', '09:43:01', '09:09:20'),
	(225, 1, '2021-07-18', '3', '03:47:44', '03:42:46'),
	(226, 1, '2021-06-08', '3', '05:00:57', '16:59:36'),
	(227, 3, '2021-03-04', '1', '23:21:06', '06:54:10'),
	(230, 1, '2021-07-23', '3', '04:19:31', '21:32:28'),
	(231, 3, '2021-07-11', '2', '12:44:49', '01:18:43'),
	(232, 3, '2021-10-27', '2', '14:42:31', '16:27:44'),
	(234, 2, '2021-04-15', '1', '02:18:04', '18:18:46'),
	(235, 4, '2021-04-06', '1', '07:40:13', '02:39:00'),
	(236, 3, '2021-07-19', '3', '03:58:10', '08:05:34'),
	(240, 1, '2021-01-05', '1', '03:58:53', '22:41:35'),
	(241, 4, '2021-11-27', '1', '22:04:14', '23:21:51'),
	(242, 3, '2021-07-01', '2', '22:02:04', '10:11:22'),
	(243, 1, '2021-01-31', '3', '14:15:37', '19:16:20'),
	(244, 2, '2021-08-12', '2', '00:40:57', '05:28:30'),
	(246, 3, '2021-05-21', '1', '18:12:33', '20:59:40'),
	(247, 1, '2021-01-05', '1', '09:44:37', '13:10:37'),
	(252, 3, '2021-10-10', '2', '20:37:08', '20:44:14'),
	(256, 4, '2021-05-12', '1', '02:41:46', '12:10:24'),
	(258, 4, '2021-08-28', '3', '22:24:04', '13:21:24'),
	(259, 4, '2021-03-04', '1', '05:07:55', '00:05:48'),
	(260, 2, '2021-01-07', '3', '03:56:30', '15:55:18'),
	(261, 1, '2021-05-26', '1', '01:51:27', '15:59:36'),
	(262, 1, '2021-07-22', '1', '18:00:31', '12:55:13'),
	(263, 1, '2021-01-29', '1', '18:13:45', '11:19:41'),
	(264, 4, '2021-06-12', '3', '06:28:44', '10:36:08'),
	(265, 2, '2021-06-12', '2', '15:21:08', '00:49:14'),
	(266, 2, '2021-08-20', '2', '12:56:19', '05:03:26'),
	(267, 1, '2021-09-09', '2', '01:55:32', '15:06:12'),
	(268, 4, '2021-01-10', '1', '00:49:16', '14:08:39'),
	(269, 2, '2021-09-13', '2', '19:39:21', '22:34:00'),
	(270, 3, '2021-10-19', '3', '05:24:53', '12:53:37'),
	(271, 3, '2021-04-14', '3', '21:29:29', '04:16:24'),
	(272, 4, '2021-01-14', '1', '16:59:12', '13:38:52'),
	(274, 1, '2021-01-11', '2', '02:01:59', '16:47:52'),
	(275, 2, '2021-09-12', '2', '01:52:22', '01:31:32'),
	(276, 1, '2021-02-26', '3', '10:03:27', '03:07:43'),
	(277, 4, '2021-02-15', '2', '19:05:04', '10:13:05'),
	(281, 1, '2021-08-28', '3', '11:19:53', '07:18:36'),
	(282, 1, '2021-09-09', '2', '06:19:05', '14:06:26'),
	(284, 1, '2021-06-22', '2', '04:01:25', '02:06:34'),
	(285, 4, '2021-08-22', '1', '10:35:02', '23:46:28'),
	(286, 3, '2021-01-08', '2', '12:01:31', '21:46:34'),
	(288, 2, '2021-03-11', '3', '08:17:54', '15:58:24'),
	(289, 3, '2021-01-09', '1', '18:12:27', '11:01:17'),
	(290, 1, '2021-09-23', '1', '13:22:05', '13:17:41'),
	(291, 4, '2021-01-31', '3', '02:03:20', '18:03:01'),
	(292, 3, '2021-10-10', '1', '19:39:58', '19:39:14'),
	(296, 3, '2021-02-05', '2', '23:11:54', '15:40:16'),
	(297, 2, '2021-01-17', '2', '21:48:03', '03:46:23'),
	(298, 3, '2021-05-01', '3', '21:25:12', '04:39:12'),
	(299, 1, '2021-03-30', '1', '05:09:23', '07:34:14'),
	(302, 4, '2021-01-14', '2', '00:41:37', '22:38:11'),
	(303, 1, '2021-07-25', '1', '02:48:59', '08:36:29'),
	(304, 2, '2021-07-23', '2', '20:19:27', '20:54:29'),
	(306, 1, '2021-06-18', '3', '02:30:06', '11:35:01'),
	(309, 3, '2021-02-27', '3', '12:44:08', '00:17:15'),
	(310, 1, '2021-02-03', '2', '14:40:13', '16:44:27'),
	(311, 4, '2021-06-20', '1', '06:20:44', '08:37:03'),
	(312, 3, '2021-10-29', '3', '05:58:12', '05:24:46'),
	(313, 2, '2021-04-12', '3', '22:13:11', '16:47:05'),
	(315, 2, '2021-06-25', '3', '03:23:42', '19:47:40'),
	(316, 2, '2021-02-25', '3', '06:13:19', '15:32:11'),
	(319, 2, '2021-11-17', '1', '18:57:06', '21:15:47'),
	(320, 3, '2021-11-14', '2', '07:32:37', '09:44:47'),
	(321, 2, '2021-10-09', '1', '04:19:56', '06:17:12'),
	(323, 3, '2021-08-12', '2', '09:28:47', '08:53:09'),
	(327, 1, '2021-03-22', '1', '17:52:15', '02:02:29'),
	(328, 3, '2021-09-21', '2', '09:52:36', '14:32:48'),
	(329, 1, '2021-06-12', '2', '23:24:29', '04:15:15'),
	(330, 3, '2021-10-05', '2', '23:42:18', '03:53:41'),
	(331, 3, '2021-04-09', '3', '21:36:37', '22:14:56'),
	(333, 1, '2021-08-28', '1', '15:52:42', '06:59:08'),
	(334, 1, '2021-04-27', '3', '23:42:31', '04:03:56'),
	(335, 1, '2021-01-20', '3', '01:36:22', '03:37:39'),
	(337, 2, '2021-01-10', '3', '16:41:28', '01:27:56'),
	(340, 3, '2021-07-29', '1', '03:05:50', '09:11:30'),
	(341, 1, '2021-02-27', '2', '16:55:53', '15:03:00'),
	(345, 2, '2021-04-10', '1', '13:45:17', '18:47:01'),
	(346, 3, '2021-04-01', '1', '05:03:25', '13:47:47'),
	(347, 4, '2021-02-10', '3', '18:53:41', '08:14:19'),
	(348, 4, '2021-10-09', '2', '16:00:38', '13:18:30'),
	(349, 2, '2021-09-16', '3', '11:32:00', '03:17:40'),
	(350, 3, '2021-03-03', '2', '05:03:48', '19:15:47'),
	(351, 1, '2021-04-29', '1', '04:44:55', '12:00:35'),
	(353, 3, '2021-11-28', '2', '22:27:51', '15:21:01'),
	(354, 4, '2021-06-05', '2', '07:12:36', '17:26:57'),
	(355, 4, '2021-08-29', '2', '12:26:58', '04:00:32'),
	(356, 3, '2021-06-17', '3', '10:35:36', '23:25:44'),
	(357, 1, '2021-10-16', '2', '19:51:47', '00:08:07'),
	(360, 1, '2021-05-10', '2', '04:43:02', '13:37:44'),
	(364, 2, '2021-01-13', '3', '09:57:55', '18:21:38'),
	(365, 1, '2021-06-21', '1', '05:21:20', '02:41:38'),
	(366, 4, '2021-10-30', '2', '18:57:23', '17:54:13'),
	(367, 4, '2021-10-24', '2', '00:07:56', '00:47:02'),
	(368, 2, '2021-11-20', '1', '05:54:07', '00:19:30'),
	(370, 3, '2021-09-16', '3', '01:17:47', '12:17:48'),
	(372, 1, '2021-09-13', '1', '23:27:36', '22:07:48'),
	(373, 2, '2021-02-14', '2', '08:54:21', '08:57:24'),
	(374, 1, '2021-03-22', '1', '01:43:03', '05:37:43'),
	(375, 3, '2021-08-18', '2', '11:35:00', '04:06:09'),
	(376, 4, '2021-10-30', '1', '13:20:38', '00:36:27'),
	(377, 4, '2021-03-18', '2', '22:27:59', '09:50:04'),
	(379, 4, '2021-01-29', '3', '04:24:44', '18:18:27'),
	(381, 3, '2021-01-01', '1', '04:25:08', '11:03:41'),
	(382, 4, '2021-06-07', '3', '22:24:25', '23:48:11'),
	(385, 2, '2021-11-14', '2', '14:46:24', '15:14:18'),
	(387, 1, '2021-11-02', '3', '00:58:50', '11:27:22'),
	(390, 1, '2021-08-11', '2', '08:29:41', '20:38:04'),
	(391, 4, '2021-06-19', '1', '02:38:24', '03:31:24'),
	(392, 3, '2021-05-15', '2', '15:46:21', '10:44:59'),
	(394, 3, '2021-09-29', '3', '06:48:52', '16:02:49'),
	(395, 1, '2021-09-28', '2', '03:14:17', '09:17:48'),
	(397, 1, '2021-08-06', '1', '20:46:41', '16:05:43'),
	(398, 1, '2021-09-28', '3', '04:18:48', '11:41:10'),
	(399, 3, '2021-04-19', '2', '00:50:25', '20:09:54'),
	(400, 2, '2021-06-29', '3', '13:15:54', '23:28:35'),
	(401, 1, '2021-03-22', '1', '16:39:41', '06:42:08'),
	(404, 4, '2021-02-23', '1', '00:32:21', '15:20:40'),
	(405, 3, '2021-09-28', '2', '03:01:01', '08:53:29'),
	(406, 1, '2021-03-14', '2', '09:16:39', '04:08:43'),
	(407, 4, '2021-11-10', '3', '18:36:21', '05:32:51'),
	(408, 2, '2021-07-17', '1', '01:44:22', '21:11:36'),
	(409, 1, '2021-01-10', '2', '04:32:32', '15:01:13'),
	(410, 1, '2021-05-15', '3', '21:52:33', '11:09:14'),
	(411, 4, '2021-03-21', '3', '14:36:32', '12:43:27'),
	(412, 4, '2021-11-02', '1', '02:22:50', '21:22:40'),
	(413, 2, '2021-02-01', '3', '12:42:10', '15:09:59'),
	(414, 1, '2021-07-05', '1', '04:32:36', '09:08:25'),
	(415, 1, '2021-05-02', '1', '14:20:14', '10:31:51'),
	(416, 1, '2021-01-14', '3', '08:50:04', '19:03:07'),
	(418, 3, '2021-01-11', '3', '06:03:42', '14:49:32'),
	(421, 1, '2021-08-18', '2', '02:47:08', '23:56:27'),
	(422, 2, '2021-11-17', '2', '04:55:17', '08:34:54'),
	(424, 2, '2021-01-16', '1', '14:58:24', '23:32:18'),
	(425, 4, '2021-09-15', '1', '12:38:11', '19:23:40'),
	(429, 4, '2021-06-06', '2', '16:55:29', '17:03:15'),
	(430, 1, '2021-08-18', '2', '23:20:13', '11:02:13'),
	(431, 3, '2021-11-22', '1', '09:15:41', '13:51:22'),
	(432, 3, '2021-07-08', '1', '09:27:04', '14:22:48'),
	(433, 3, '2021-04-04', '3', '04:16:39', '07:02:57'),
	(434, 4, '2021-01-12', '1', '00:15:20', '12:35:31'),
	(437, 1, '2021-01-12', '2', '18:40:07', '08:45:04'),
	(438, 1, '2021-04-29', '2', '21:28:08', '02:16:18'),
	(442, 3, '2021-11-10', '2', '17:59:03', '08:35:33'),
	(443, 1, '2021-03-28', '3', '08:45:58', '01:14:35'),
	(444, 2, '2021-08-09', '3', '14:48:01', '19:37:47'),
	(447, 3, '2021-01-11', '2', '09:19:29', '04:28:45'),
	(448, 4, '2021-05-17', '2', '03:19:06', '12:01:34'),
	(450, 4, '2021-08-12', '2', '03:09:56', '16:16:00'),
	(451, 2, '2021-03-01', '3', '04:27:47', '03:36:00'),
	(454, 1, '2021-04-23', '3', '19:00:17', '22:15:02'),
	(455, 3, '2021-06-05', '2', '13:54:19', '15:33:56'),
	(456, 3, '2021-07-28', '2', '12:54:43', '18:03:37'),
	(457, 4, '2021-11-18', '1', '08:48:29', '21:50:04'),
	(458, 1, '2021-06-12', '2', '19:24:48', '05:04:45'),
	(459, 2, '2021-04-11', '1', '07:53:04', '03:19:39'),
	(461, 1, '2021-01-02', '1', '13:55:05', '14:48:05'),
	(462, 3, '2021-06-26', '2', '00:20:50', '23:23:17'),
	(465, 4, '2021-10-06', '3', '19:49:49', '04:39:47'),
	(466, 4, '2021-06-19', '3', '01:35:55', '08:42:06'),
	(467, 1, '2021-04-20', '2', '09:44:30', '10:41:29'),
	(468, 2, '2021-02-23', '1', '04:58:21', '02:09:14'),
	(470, 1, '2021-06-08', '2', '03:15:50', '19:23:40'),
	(472, 2, '2021-08-30', '1', '21:59:42', '20:04:41'),
	(473, 3, '2021-04-01', '2', '22:29:24', '06:12:26'),
	(475, 2, '2021-09-28', '3', '08:57:38', '10:34:12'),
	(476, 3, '2021-03-21', '1', '21:15:16', '07:20:46'),
	(477, 1, '2021-09-13', '1', '06:10:51', '11:54:45'),
	(480, 3, '2021-03-31', '2', '11:52:21', '21:32:02'),
	(481, 4, '2021-08-19', '3', '15:34:46', '11:29:18'),
	(482, 4, '2021-03-09', '1', '11:34:42', '03:21:40'),
	(483, 1, '2021-08-11', '1', '23:18:06', '23:25:09'),
	(485, 4, '2021-09-18', '2', '22:49:54', '19:37:14'),
	(486, 3, '2021-05-30', '1', '13:36:48', '11:01:14'),
	(487, 4, '2021-06-28', '1', '18:32:00', '05:44:17'),
	(488, 3, '2021-10-14', '3', '04:31:42', '22:00:30'),
	(489, 2, '2021-03-05', '2', '08:15:20', '19:43:22'),
	(490, 1, '2021-09-15', '3', '09:03:02', '06:48:49'),
	(491, 4, '2021-02-22', '1', '21:32:31', '17:03:47'),
	(492, 3, '2021-10-21', '2', '00:04:35', '07:16:58'),
	(497, 1, '2021-06-09', '3', '13:34:36', '14:09:04'),
	(499, 3, '2021-09-27', '3', '20:26:57', '00:45:42'),
	(500, 2, '2021-09-22', '2', '21:40:17', '20:56:27'),
	(502, 3, '2021-06-27', '2', '07:37:08', '12:13:31'),
	(505, 3, '2021-05-21', '1', '23:31:05', '19:55:01'),
	(506, 3, '2021-06-25', '1', '16:25:04', '19:04:08'),
	(507, 2, '2021-04-03', '1', '22:47:18', '20:53:44'),
	(508, 3, '2021-06-11', '3', '14:30:03', '01:51:29'),
	(509, 3, '2021-06-01', '1', '11:34:49', '03:29:27'),
	(510, 3, '2021-03-12', '3', '16:13:42', '02:41:56'),
	(511, 2, '2021-07-08', '1', '04:50:18', '14:30:21'),
	(512, 3, '2021-08-28', '3', '08:39:49', '11:09:37'),
	(514, 3, '2021-01-13', '2', '02:49:47', '18:11:58'),
	(516, 3, '2021-07-29', '3', '22:24:22', '12:52:09'),
	(517, 3, '2021-06-24', '2', '07:25:43', '06:12:20'),
	(518, 4, '2021-04-25', '2', '22:51:57', '14:33:19'),
	(519, 1, '2021-01-13', '3', '02:18:30', '03:03:42'),
	(520, 1, '2021-10-29', '1', '21:38:40', '14:14:37'),
	(521, 4, '2021-07-26', '3', '19:04:06', '09:45:26'),
	(522, 2, '2021-09-29', '3', '01:55:31', '03:52:23'),
	(523, 3, '2021-09-11', '2', '21:16:54', '01:59:41'),
	(524, 3, '2021-06-14', '1', '03:28:01', '21:39:42'),
	(525, 1, '2021-03-19', '2', '03:51:16', '01:15:45'),
	(527, 3, '2021-02-24', '1', '16:41:39', '03:22:41'),
	(529, 2, '2021-02-25', '3', '00:00:30', '01:54:05'),
	(530, 3, '2021-11-10', '1', '14:37:15', '22:19:18'),
	(532, 1, '2021-02-14', '1', '19:46:25', '00:10:20'),
	(533, 2, '2021-02-10', '1', '23:42:08', '00:01:00'),
	(534, 3, '2021-06-30', '1', '00:07:46', '16:55:46'),
	(535, 4, '2021-08-25', '2', '23:58:32', '20:30:14'),
	(536, 1, '2021-05-26', '3', '09:27:02', '23:36:13'),
	(537, 3, '2021-05-11', '3', '03:52:48', '12:39:06'),
	(539, 3, '2021-06-17', '2', '22:07:43', '08:25:19'),
	(540, 4, '2021-01-03', '2', '14:56:40', '17:36:24'),
	(542, 3, '2021-08-03', '2', '13:49:16', '18:35:48'),
	(543, 1, '2021-10-10', '1', '20:57:10', '23:36:01'),
	(544, 2, '2021-04-14', '1', '10:36:59', '07:29:17'),
	(545, 1, '2021-05-04', '1', '04:48:28', '05:34:17'),
	(547, 2, '2021-01-04', '1', '09:12:14', '06:10:15'),
	(548, 2, '2021-01-18', '3', '06:36:41', '09:32:48'),
	(551, 4, '2021-07-05', '1', '09:47:15', '01:47:47'),
	(552, 2, '2021-03-16', '1', '23:57:57', '03:53:14'),
	(553, 1, '2021-11-06', '2', '02:32:20', '11:22:59'),
	(554, 3, '2021-01-20', '1', '00:29:43', '17:55:38'),
	(555, 4, '2021-01-07', '3', '22:44:57', '20:18:06'),
	(556, 3, '2021-10-06', '1', '18:09:27', '23:42:09'),
	(557, 2, '2021-11-18', '1', '10:40:58', '07:39:38'),
	(558, 4, '2021-03-14', '2', '16:58:45', '16:49:23'),
	(559, 1, '2021-10-15', '2', '08:45:48', '17:21:07'),
	(561, 4, '2021-06-05', '1', '05:32:39', '21:01:52'),
	(562, 1, '2021-02-04', '1', '15:46:58', '23:58:08'),
	(566, 3, '2021-04-17', '3', '23:10:54', '08:16:57'),
	(568, 1, '2021-11-15', '2', '09:18:14', '03:17:55'),
	(569, 3, '2021-05-09', '2', '16:39:39', '20:17:42'),
	(570, 1, '2021-05-08', '2', '12:46:41', '11:19:53'),
	(572, 2, '2021-05-10', '3', '08:18:12', '14:51:17'),
	(574, 3, '2021-03-26', '2', '00:55:07', '10:29:53'),
	(575, 1, '2021-04-09', '1', '15:05:17', '09:24:20'),
	(576, 1, '2021-03-23', '1', '16:17:07', '01:18:51'),
	(577, 4, '2021-04-24', '2', '16:40:08', '14:07:20'),
	(578, 1, '2021-11-17', '1', '20:39:53', '21:28:56'),
	(579, 3, '2021-06-05', '1', '04:09:41', '02:30:48'),
	(580, 4, '2021-05-21', '3', '17:09:30', '01:27:43'),
	(581, 1, '2021-06-22', '1', '13:49:03', '01:37:34'),
	(583, 4, '2021-02-18', '3', '06:11:28', '17:25:45'),
	(585, 3, '2021-01-29', '2', '09:19:02', '04:10:16'),
	(588, 4, '2021-04-01', '1', '15:30:39', '21:53:23'),
	(589, 1, '2021-08-10', '2', '02:31:06', '23:24:17'),
	(590, 4, '2021-05-25', '1', '04:00:47', '01:46:08'),
	(591, 4, '2021-03-27', '3', '12:51:40', '00:41:11'),
	(596, 2, '2021-09-28', '1', '17:59:17', '21:19:29'),
	(597, 1, '2021-03-09', '2', '21:13:57', '08:09:05'),
	(600, 3, '2021-08-27', '1', '15:07:57', '19:37:03'),
	(602, 1, '2021-08-22', '3', '03:54:30', '13:06:25'),
	(604, 4, '2021-06-20', '1', '17:31:35', '08:37:30'),
	(605, 4, '2021-08-12', '2', '17:52:25', '13:43:36'),
	(607, 4, '2021-04-15', '2', '12:15:13', '04:00:48'),
	(608, 4, '2021-03-25', '2', '12:58:03', '01:58:28'),
	(609, 4, '2021-04-23', '1', '10:25:39', '05:00:44'),
	(611, 3, '2021-04-05', '2', '23:55:22', '17:58:50'),
	(613, 3, '2021-10-28', '3', '15:55:56', '16:20:05'),
	(615, 1, '2021-03-08', '3', '03:06:14', '17:50:04'),
	(616, 1, '2021-06-07', '1', '14:23:22', '23:39:38'),
	(617, 1, '2021-10-19', '2', '05:57:09', '00:34:52'),
	(619, 2, '2021-05-30', '3', '15:54:59', '03:34:33'),
	(620, 2, '2021-11-26', '2', '11:57:21', '13:24:56'),
	(621, 4, '2021-03-01', '1', '12:47:44', '21:46:48'),
	(622, 3, '2021-06-05', '3', '10:03:43', '01:28:20'),
	(625, 3, '2021-05-09', '2', '03:43:08', '10:33:10'),
	(626, 3, '2021-05-07', '3', '06:47:49', '08:57:33'),
	(627, 1, '2021-10-15', '1', '05:35:18', '21:22:51'),
	(628, 1, '2021-05-30', '1', '06:42:59', '06:54:14'),
	(629, 2, '2021-02-05', '1', '21:12:42', '10:18:48'),
	(630, 1, '2021-11-16', '1', '15:13:35', '18:17:21'),
	(632, 2, '2021-10-14', '2', '13:37:08', '22:59:07'),
	(633, 1, '2021-10-07', '1', '06:24:10', '09:32:13'),
	(634, 3, '2021-04-15', '3', '10:41:01', '14:32:54'),
	(635, 4, '2021-08-12', '3', '09:21:18', '10:45:26'),
	(636, 3, '2021-10-26', '2', '23:03:11', '08:35:00'),
	(637, 2, '2021-10-07', '2', '23:09:08', '08:20:44'),
	(638, 3, '2021-03-14', '1', '05:33:40', '19:37:09'),
	(640, 4, '2021-11-04', '1', '03:07:00', '02:01:35'),
	(642, 4, '2021-08-19', '2', '03:25:57', '13:28:23'),
	(643, 4, '2021-10-27', '3', '15:16:50', '04:01:52'),
	(644, 3, '2021-10-02', '3', '14:52:37', '09:34:14'),
	(645, 2, '2021-03-29', '3', '20:03:55', '21:04:43'),
	(646, 3, '2021-07-23', '1', '01:51:18', '14:42:22'),
	(647, 3, '2021-09-10', '3', '01:52:46', '11:16:07'),
	(648, 3, '2021-01-20', '2', '23:15:21', '21:49:32'),
	(650, 4, '2021-09-08', '2', '02:40:28', '03:31:28'),
	(653, 4, '2021-04-06', '1', '05:46:09', '10:44:13'),
	(654, 4, '2021-05-15', '3', '18:16:15', '15:38:01'),
	(655, 1, '2021-09-12', '1', '14:59:13', '17:29:23'),
	(656, 2, '2021-05-23', '1', '09:06:29', '05:47:56'),
	(657, 4, '2021-04-25', '2', '14:46:04', '15:55:55'),
	(659, 1, '2021-09-01', '1', '16:09:58', '08:49:15'),
	(660, 1, '2021-03-18', '1', '16:48:29', '13:28:44'),
	(661, 2, '2021-07-09', '3', '14:34:49', '09:34:35'),
	(662, 2, '2021-01-14', '1', '11:39:41', '18:24:18'),
	(663, 3, '2021-06-01', '1', '07:42:33', '23:56:48'),
	(664, 2, '2021-09-03', '3', '14:26:23', '12:05:42'),
	(665, 1, '2021-09-06', '1', '06:54:00', '04:18:03'),
	(666, 2, '2021-08-09', '3', '04:22:54', '00:40:36'),
	(667, 3, '2021-11-10', '3', '05:16:09', '14:40:52'),
	(669, 4, '2021-04-10', '3', '02:18:14', '17:43:20'),
	(671, 1, '2021-02-01', '1', '17:58:53', '00:01:52'),
	(673, 4, '2021-02-17', '1', '08:21:23', '11:13:16'),
	(675, 1, '2021-09-29', '2', '10:14:10', '16:06:20'),
	(676, 1, '2021-04-25', '3', '20:11:43', '03:57:15'),
	(677, 1, '2021-07-17', '1', '13:55:45', '20:46:41'),
	(678, 3, '2021-06-26', '3', '00:16:35', '05:05:54'),
	(679, 2, '2021-03-05', '3', '19:22:50', '04:19:02'),
	(682, 3, '2021-04-08', '1', '22:24:33', '14:36:31'),
	(685, 2, '2021-10-29', '1', '17:35:24', '02:53:17'),
	(686, 1, '2021-04-27', '3', '13:40:57', '11:49:07'),
	(688, 3, '2021-08-11', '1', '06:13:21', '12:02:15'),
	(690, 4, '2021-10-28', '3', '19:53:09', '06:09:21'),
	(691, 2, '2021-06-28', '1', '06:39:55', '10:35:30'),
	(692, 2, '2021-09-28', '2', '14:41:47', '06:55:29'),
	(693, 4, '2021-08-22', '2', '03:21:52', '23:06:42'),
	(694, 3, '2021-03-07', '1', '12:31:32', '23:28:58'),
	(695, 3, '2021-03-28', '1', '12:44:54', '07:00:17'),
	(696, 4, '2021-05-07', '3', '01:00:32', '08:54:12'),
	(697, 1, '2021-06-10', '2', '15:51:37', '09:21:02'),
	(699, 4, '2021-05-11', '3', '11:42:51', '21:41:29'),
	(700, 3, '2021-04-07', '1', '19:14:10', '16:11:38'),
	(701, 2, '2021-03-06', '3', '05:07:47', '01:30:01'),
	(706, 4, '2021-09-20', '3', '06:25:33', '23:09:11'),
	(708, 4, '2021-09-07', '1', '00:16:54', '02:38:47'),
	(709, 4, '2021-09-23', '2', '17:09:01', '13:43:48'),
	(710, 1, '2021-01-07', '2', '14:45:47', '00:00:36'),
	(711, 4, '2021-08-13', '2', '11:29:29', '03:59:45'),
	(713, 4, '2021-05-17', '1', '02:13:17', '23:52:23'),
	(714, 4, '2021-01-06', '3', '09:15:13', '00:25:08'),
	(716, 4, '2021-07-17', '2', '21:49:48', '10:18:58'),
	(717, 1, '2021-03-25', '1', '15:22:24', '20:03:32'),
	(718, 2, '2021-02-27', '2', '21:46:40', '05:26:26'),
	(719, 1, '2021-09-22', '1', '22:22:10', '10:48:18'),
	(720, 2, '2021-05-02', '1', '10:39:44', '15:02:24'),
	(721, 3, '2021-05-30', '2', '19:19:04', '23:03:22'),
	(722, 1, '2021-07-15', '1', '07:31:22', '05:04:20'),
	(723, 4, '2021-10-07', '3', '13:31:30', '07:06:43'),
	(724, 3, '2021-08-02', '3', '04:58:26', '23:12:55'),
	(726, 3, '2021-01-04', '3', '11:03:18', '11:57:42'),
	(727, 3, '2021-03-05', '3', '10:06:57', '23:03:34'),
	(728, 2, '2021-03-31', '3', '21:11:19', '12:28:25'),
	(729, 4, '2021-11-29', '1', '04:08:00', '11:53:48'),
	(730, 4, '2021-04-06', '3', '02:15:54', '02:33:42'),
	(732, 4, '2021-02-27', '2', '07:15:03', '10:59:13'),
	(737, 2, '2021-03-23', '1', '20:53:03', '16:18:32'),
	(738, 4, '2021-09-29', '2', '19:38:31', '08:07:40'),
	(739, 2, '2021-09-12', '1', '01:43:39', '04:09:50'),
	(740, 1, '2021-10-08', '1', '15:28:27', '23:43:56'),
	(744, 3, '2021-06-03', '1', '16:12:19', '04:07:47'),
	(745, 1, '2021-05-21', '3', '12:06:06', '03:59:38'),
	(746, 4, '2021-03-06', '1', '00:46:42', '09:52:46'),
	(748, 3, '2021-10-14', '2', '10:09:52', '21:05:21'),
	(749, 4, '2021-05-02', '3', '05:08:50', '16:32:40'),
	(751, 2, '2021-11-14', '3', '06:48:55', '11:31:42'),
	(753, 3, '2021-06-29', '3', '06:26:49', '13:53:27'),
	(754, 1, '2021-11-27', '3', '10:52:12', '20:01:38'),
	(755, 4, '2021-10-22', '3', '05:28:09', '12:28:59'),
	(756, 1, '2021-09-02', '2', '00:22:47', '12:07:54'),
	(757, 1, '2021-11-28', '3', '08:55:59', '23:42:47'),
	(758, 3, '2021-10-31', '2', '04:51:06', '21:29:53'),
	(759, 1, '2021-07-21', '2', '14:06:03', '12:38:13'),
	(760, 3, '2021-02-25', '3', '23:37:59', '00:26:43'),
	(762, 3, '2021-02-28', '2', '01:06:10', '18:50:23'),
	(763, 2, '2021-09-26', '3', '04:18:23', '03:43:59'),
	(764, 4, '2021-07-15', '3', '21:30:02', '05:45:51'),
	(765, 1, '2021-04-08', '3', '03:15:17', '16:21:35'),
	(767, 2, '2021-09-24', '2', '22:16:31', '19:50:52'),
	(770, 4, '2021-03-08', '1', '03:38:39', '23:20:04'),
	(771, 4, '2021-03-23', '2', '09:52:49', '00:39:04'),
	(772, 1, '2021-08-04', '1', '09:30:22', '15:37:19'),
	(774, 3, '2021-07-22', '1', '21:43:33', '19:14:38'),
	(776, 3, '2021-04-13', '2', '03:42:05', '10:19:31'),
	(779, 3, '2021-09-24', '2', '10:54:59', '12:29:30'),
	(780, 2, '2021-02-19', '2', '06:22:41', '18:35:20'),
	(783, 1, '2021-01-18', '1', '18:19:39', '23:14:12'),
	(784, 2, '2021-10-24', '1', '00:27:38', '08:53:22'),
	(785, 4, '2021-07-13', '2', '18:19:49', '02:27:49'),
	(786, 4, '2021-08-10', '1', '16:39:28', '20:08:48'),
	(787, 2, '2021-07-11', '3', '00:05:13', '08:05:26'),
	(789, 1, '2021-03-15', '3', '19:22:27', '17:01:40'),
	(791, 1, '2021-09-20', '1', '23:56:10', '20:22:46'),
	(794, 2, '2021-01-12', '2', '04:34:13', '14:32:21'),
	(795, 1, '2021-08-30', '3', '08:04:53', '11:14:13'),
	(797, 3, '2021-02-16', '1', '08:27:12', '00:20:30'),
	(798, 1, '2021-09-12', '2', '13:51:14', '15:32:49'),
	(800, 3, '2021-01-21', '3', '15:53:03', '19:38:55'),
	(802, 4, '2021-08-28', '3', '19:04:00', '19:00:43'),
	(803, 4, '2021-09-21', '2', '02:46:29', '12:32:33'),
	(804, 3, '2021-02-10', '2', '16:16:01', '01:09:16'),
	(805, 2, '2021-02-15', '2', '01:13:02', '20:05:01'),
	(806, 1, '2021-04-18', '3', '21:30:13', '21:35:48'),
	(807, 2, '2021-01-01', '1', '06:16:11', '14:22:14'),
	(810, 2, '2021-09-24', '3', '19:55:50', '08:47:11'),
	(811, 3, '2021-03-11', '2', '04:38:12', '07:42:43'),
	(813, 4, '2021-03-02', '3', '19:09:55', '07:28:26'),
	(814, 4, '2021-06-07', '3', '08:03:43', '12:32:03'),
	(815, 2, '2021-07-01', '2', '23:38:29', '05:05:05'),
	(816, 4, '2021-05-14', '1', '06:11:09', '20:11:16'),
	(818, 1, '2021-07-14', '3', '08:31:17', '17:10:09'),
	(819, 1, '2021-06-16', '3', '14:58:05', '08:44:19'),
	(820, 3, '2021-02-25', '2', '23:07:07', '10:48:04'),
	(821, 3, '2021-05-21', '1', '13:35:52', '15:02:41'),
	(823, 4, '2021-08-25', '2', '06:49:15', '15:49:58'),
	(824, 2, '2021-07-20', '2', '01:47:42', '03:03:01'),
	(825, 1, '2021-11-08', '2', '00:02:30', '15:12:23'),
	(826, 4, '2021-02-07', '2', '10:42:08', '13:52:54'),
	(827, 4, '2021-06-22', '1', '01:59:58', '01:51:45'),
	(829, 4, '2021-10-23', '3', '08:25:26', '14:12:27'),
	(830, 3, '2021-09-18', '2', '13:49:03', '11:11:51'),
	(834, 2, '2021-05-29', '3', '13:21:59', '18:03:19'),
	(835, 2, '2021-03-07', '3', '03:30:26', '00:38:41'),
	(837, 4, '2021-03-05', '2', '16:10:14', '05:39:08'),
	(838, 1, '2021-09-10', '2', '04:09:58', '19:58:57'),
	(842, 3, '2021-04-29', '1', '07:33:12', '10:52:42'),
	(845, 4, '2021-03-16', '3', '06:48:42', '21:53:08'),
	(847, 2, '2021-07-04', '1', '20:35:39', '01:10:52'),
	(848, 1, '2021-02-24', '1', '15:44:39', '15:00:16'),
	(849, 2, '2021-04-01', '2', '21:24:29', '10:59:26'),
	(851, 2, '2021-05-15', '3', '11:10:04', '06:38:05'),
	(852, 3, '2021-10-30', '2', '10:48:09', '12:53:45'),
	(853, 3, '2021-10-27', '3', '00:59:26', '18:10:51'),
	(854, 4, '2021-10-22', '2', '03:11:40', '06:19:11'),
	(857, 2, '2021-01-08', '1', '16:43:19', '22:45:41'),
	(859, 4, '2021-09-23', '2', '09:32:04', '06:28:06'),
	(860, 1, '2021-01-03', '3', '17:43:34', '04:26:42'),
	(861, 4, '2021-03-27', '2', '05:27:21', '03:26:32'),
	(862, 2, '2021-01-10', '3', '08:56:46', '07:10:52'),
	(863, 4, '2021-05-05', '2', '02:55:25', '06:38:34'),
	(864, 2, '2021-07-30', '3', '15:42:31', '09:21:43'),
	(865, 2, '2021-02-08', '2', '16:24:49', '03:25:56'),
	(868, 1, '2021-10-29', '3', '01:39:19', '05:54:12'),
	(869, 3, '2021-06-09', '3', '21:09:16', '14:01:17'),
	(870, 3, '2021-10-18', '2', '06:21:15', '17:54:11'),
	(871, 4, '2021-01-19', '1', '03:55:22', '17:45:02'),
	(873, 2, '2021-06-06', '1', '18:54:29', '08:09:02'),
	(875, 4, '2021-06-25', '3', '02:44:44', '07:41:02'),
	(876, 1, '2021-11-21', '1', '18:18:48', '23:00:24'),
	(880, 1, '2021-10-23', '2', '00:35:04', '02:49:50'),
	(881, 1, '2021-02-26', '3', '12:13:46', '08:27:11'),
	(883, 4, '2021-06-10', '3', '07:03:04', '17:43:40'),
	(885, 1, '2021-02-08', '3', '23:33:41', '01:35:47'),
	(887, 1, '2021-07-28', '1', '03:34:43', '06:12:49'),
	(888, 3, '2021-10-21', '2', '05:02:55', '21:31:20'),
	(889, 2, '2021-10-26', '3', '18:13:59', '04:56:49'),
	(890, 4, '2021-10-20', '2', '18:34:15', '11:49:47'),
	(891, 4, '2021-10-10', '2', '17:06:37', '07:56:09'),
	(892, 2, '2021-07-09', '3', '04:55:10', '18:44:29'),
	(893, 3, '2021-06-02', '2', '14:13:29', '13:44:14'),
	(895, 2, '2021-11-29', '2', '07:24:31', '14:28:08'),
	(896, 1, '2021-04-07', '3', '04:33:20', '02:11:18'),
	(898, 4, '2021-06-24', '1', '16:28:48', '12:24:12'),
	(901, 2, '2021-10-19', '2', '04:45:41', '09:38:51'),
	(902, 2, '2021-10-10', '1', '09:06:09', '06:04:06'),
	(904, 2, '2021-08-14', '2', '21:14:33', '19:35:49'),
	(905, 3, '2021-11-10', '3', '17:10:00', '10:49:32'),
	(906, 2, '2021-11-27', '2', '13:59:42', '23:58:27'),
	(907, 2, '2021-06-13', '2', '14:19:37', '20:46:15'),
	(908, 3, '2021-03-17', '1', '09:01:12', '06:32:13'),
	(909, 2, '2021-10-23', '1', '17:28:14', '06:00:48'),
	(911, 4, '2021-03-05', '1', '07:40:32', '14:34:30'),
	(912, 3, '2021-05-31', '2', '07:47:52', '01:09:25'),
	(913, 4, '2021-11-20', '3', '13:35:52', '09:08:05'),
	(914, 3, '2021-02-15', '1', '18:26:37', '17:12:48'),
	(915, 2, '2021-07-27', '1', '23:56:25', '10:01:58'),
	(916, 1, '2021-02-22', '1', '11:15:28', '16:53:25'),
	(917, 1, '2021-08-05', '2', '14:37:29', '00:55:24'),
	(918, 4, '2021-09-26', '2', '19:09:53', '01:41:00'),
	(921, 4, '2021-10-19', '1', '03:35:39', '06:54:12'),
	(924, 1, '2021-02-22', '1', '12:46:15', '04:45:52'),
	(925, 4, '2021-04-25', '2', '18:14:02', '17:57:58'),
	(926, 4, '2021-07-03', '2', '21:58:55', '16:52:00'),
	(928, 4, '2021-08-15', '3', '10:24:22', '19:35:14'),
	(930, 3, '2021-01-02', '1', '02:29:40', '14:43:31'),
	(932, 2, '2021-11-09', '2', '23:39:52', '02:25:39'),
	(933, 4, '2021-04-03', '1', '14:47:30', '04:51:32'),
	(934, 3, '2021-10-05', '2', '13:46:11', '18:36:23'),
	(935, 2, '2021-06-05', '2', '06:59:22', '15:39:21'),
	(936, 4, '2021-02-15', '1', '10:26:31', '00:24:11'),
	(937, 2, '2021-08-27', '1', '23:35:41', '21:04:34'),
	(941, 2, '2021-11-09', '3', '04:13:36', '08:08:00'),
	(943, 2, '2021-07-28', '3', '00:12:14', '23:37:39'),
	(944, 4, '2021-03-31', '1', '18:35:09', '11:08:37'),
	(946, 1, '2021-08-05', '3', '16:23:41', '10:42:27'),
	(947, 1, '2021-08-09', '2', '05:29:57', '08:23:31'),
	(948, 3, '2021-09-07', '3', '18:34:19', '14:21:41'),
	(950, 2, '2021-07-24', '1', '06:14:04', '12:16:53'),
	(951, 2, '2021-08-30', '1', '13:10:59', '08:15:43'),
	(952, 4, '2021-08-11', '3', '02:06:22', '23:54:50'),
	(953, 3, '2021-07-02', '2', '15:26:00', '22:52:36'),
	(954, 2, '2021-01-05', '2', '06:44:46', '23:13:46'),
	(956, 4, '2021-04-29', '3', '15:06:22', '21:25:29'),
	(957, 4, '2021-03-08', '2', '02:13:20', '00:51:22'),
	(958, 4, '2021-01-24', '1', '04:28:20', '07:03:36'),
	(959, 2, '2021-07-26', '3', '21:44:46', '11:41:19'),
	(961, 1, '2021-07-11', '1', '02:51:01', '20:09:19'),
	(962, 2, '2021-09-21', '3', '04:41:51', '16:22:25'),
	(963, 2, '2021-09-27', '3', '06:17:48', '03:42:14'),
	(964, 1, '2021-02-22', '3', '09:19:51', '04:59:06'),
	(966, 4, '2021-08-05', '3', '04:04:52', '21:52:43'),
	(967, 1, '2021-03-20', '3', '09:45:21', '19:33:21'),
	(970, 3, '2021-11-21', '3', '19:09:09', '23:07:36'),
	(971, 3, '2021-05-26', '2', '11:12:38', '13:03:49'),
	(972, 1, '2021-08-08', '1', '20:00:00', '03:45:44'),
	(974, 1, '2021-09-20', '2', '16:35:31', '04:23:32'),
	(975, 2, '2021-06-22', '3', '13:07:07', '05:33:14'),
	(976, 2, '2021-06-13', '3', '03:07:51', '16:38:03'),
	(977, 3, '2021-02-07', '2', '04:07:44', '15:15:38'),
	(980, 2, '2021-08-25', '3', '09:34:07', '07:06:21'),
	(981, 2, '2021-10-09', '3', '00:05:09', '08:19:23'),
	(982, 3, '2021-06-16', '2', '05:57:32', '21:48:51'),
	(983, 3, '2021-11-15', '1', '13:17:20', '03:25:35'),
	(984, 3, '2021-06-01', '2', '08:18:25', '19:19:12'),
	(985, 1, '2021-02-19', '1', '11:06:47', '12:25:44'),
	(986, 1, '2021-04-25', '1', '08:25:19', '23:54:53'),
	(989, 3, '2021-06-03', '1', '14:37:19', '16:58:37'),
	(990, 3, '2021-08-14', '2', '20:55:40', '08:25:31'),
	(991, 3, '2021-04-15', '2', '23:26:59', '04:55:43'),
	(993, 2, '2021-11-06', '1', '00:24:30', '06:19:56'),
	(996, 4, '2021-04-06', '2', '01:04:40', '11:47:18'),
	(998, 2, '2021-10-09', '2', '18:02:40', '23:33:09'),
	(999, 4, '2021-08-18', '2', '06:06:50', '05:11:37'),
	(1000, 2, '2021-05-24', '2', '18:51:38', '11:14:54'),
	(1001, 9, '2021-08-08', '1', '12:49:00', '03:39:00'),
	(1002, 8, '2021-10-11', '3', '19:22:00', '11:32:00'),
	(1003, 8, '2021-08-01', '3', '00:08:00', '13:30:00'),
	(1004, 9, '2021-11-26', '2', '21:46:00', '14:53:00'),
	(1006, 10, '2021-08-18', '3', '01:31:00', '17:16:00'),
	(1007, 9, '2021-08-05', '3', '21:44:00', '13:34:00'),
	(1008, 10, '2021-11-18', '2', '00:45:00', '13:00:00'),
	(1009, 8, '2021-09-24', '3', '21:46:00', '22:34:00'),
	(1011, 8, '2021-09-02', '2', '21:58:00', '08:21:00'),
	(1012, 10, '2021-09-07', '2', '08:20:00', '08:15:00'),
	(1013, 10, '2021-11-07', '3', '11:16:00', '00:13:00'),
	(1014, 8, '2021-09-06', '1', '08:54:00', '09:14:00'),
	(1015, 8, '2021-09-19', '2', '00:37:00', '23:45:00'),
	(1016, 8, '2021-12-01', '2', '09:53:00', '14:57:00'),
	(1017, 10, '2021-08-16', '1', '00:46:00', '06:06:00'),
	(1018, 10, '2021-10-06', '3', '20:20:00', '01:31:00'),
	(1019, 8, '2021-10-01', '1', '05:54:00', '03:27:00'),
	(1020, 9, '2021-12-01', '1', '16:14:00', '10:26:00'),
	(1021, 9, '2021-09-18', '1', '07:42:00', '13:25:00'),
	(1022, 10, '2021-09-19', '3', '16:28:00', '01:15:00'),
	(1023, 9, '2021-09-02', '2', '15:13:00', '14:56:00'),
	(1024, 8, '2021-11-15', '1', '19:49:00', '17:42:00'),
	(1025, 10, '2021-08-15', '3', '12:38:00', '09:01:00'),
	(1026, 10, '2021-11-09', '1', '22:16:00', '10:30:00'),
	(1027, 9, '2021-12-02', '1', '07:11:00', '15:17:00'),
	(1028, 9, '2021-11-05', '2', '05:41:00', '00:43:00'),
	(1029, 9, '2021-11-13', '3', '09:15:00', '14:51:00'),
	(1030, 9, '2021-08-10', '2', '10:40:00', '09:33:00'),
	(1031, 9, '2021-08-06', '2', '06:52:00', '00:40:00'),
	(1032, 9, '2021-11-08', '2', '09:01:00', '13:08:00'),
	(1033, 8, '2021-09-18', '1', '23:11:00', '23:15:00'),
	(1034, 8, '2021-10-21', '1', '01:34:00', '18:59:00'),
	(1036, 8, '2021-10-04', '2', '12:50:00', '22:48:00'),
	(1037, 8, '2021-09-08', '3', '04:53:00', '05:15:00'),
	(1038, 10, '2021-11-27', '3', '12:22:00', '15:52:00'),
	(1040, 9, '2021-09-06', '3', '18:53:00', '02:39:00'),
	(1041, 9, '2021-09-29', '1', '13:54:00', '20:05:00'),
	(1043, 10, '2021-10-22', '2', '11:19:00', '01:50:00'),
	(1044, 9, '2021-11-11', '1', '10:58:00', '18:27:00'),
	(1045, 9, '2021-12-06', '3', '13:10:00', '08:57:00'),
	(1046, 10, '2021-10-04', '2', '05:54:00', '23:51:00'),
	(1048, 10, '2021-10-15', '3', '08:59:00', '13:20:00'),
	(1049, 9, '2021-08-20', '3', '20:27:00', '19:33:00'),
	(1051, 9, '2021-10-22', '2', '02:25:00', '21:23:00'),
	(1053, 9, '2021-08-27', '2', '20:13:00', '13:38:00'),
	(1054, 8, '2021-08-22', '1', '09:07:00', '16:03:00'),
	(1055, 10, '2021-11-15', '2', '20:14:00', '02:18:00'),
	(1056, 8, '2021-12-05', '1', '09:24:00', '22:01:00'),
	(1058, 7, '2026-06-16', '2', '20:56:00', '22:08:00'),
	(1059, 8, '2021-10-26', '1', '21:13:00', '16:01:00'),
	(1060, 9, '2021-12-09', '2', '05:28:00', '01:21:00'),
	(2007, 3, '2021-12-03', '1', '12:00', '10:22');
/*!40000 ALTER TABLE `sessions` ENABLE KEYS */;

-- Volcando estructura para tabla p2_asistencia_actividades.session_student
CREATE TABLE IF NOT EXISTS `session_student` (
  `id` int(11) unsigned NOT NULL AUTO_INCREMENT,
  `session_id` int(11) unsigned DEFAULT NULL,
  `student_id` int(11) unsigned DEFAULT NULL,
  `assistance` tinyint(3) unsigned DEFAULT NULL,
  PRIMARY KEY (`id`),
  KEY `session_fk` (`session_id`),
  KEY `student_fk` (`student_id`),
  CONSTRAINT `session_fk` FOREIGN KEY (`session_id`) REFERENCES `sessions` (`id`) ON DELETE CASCADE ON UPDATE CASCADE,
  CONSTRAINT `student_fk` FOREIGN KEY (`student_id`) REFERENCES `students` (`id`) ON DELETE CASCADE ON UPDATE CASCADE
) ENGINE=InnoDB AUTO_INCREMENT=2025 DEFAULT CHARSET=utf8;

-- Volcando datos para la tabla p2_asistencia_actividades.session_student: ~9 rows (aproximadamente)
/*!40000 ALTER TABLE `session_student` DISABLE KEYS */;
INSERT INTO `session_student` (`id`, `session_id`, `student_id`, `assistance`) VALUES
	(2001, 256, 2608, 1),
	(2005, 1002, 2607, 1),
	(2007, 19, 2603, 1),
	(2008, 19, 2603, 1),
	(2017, 24, 2612, 0),
	(2018, 24, 2613, 0),
	(2019, 24, 2607, 1),
	(2021, 1058, 2608, 1),
	(2022, 1058, 2609, 1);
/*!40000 ALTER TABLE `session_student` ENABLE KEYS */;

-- Volcando estructura para tabla p2_asistencia_actividades.students
CREATE TABLE IF NOT EXISTS `students` (
  `id` int(11) unsigned NOT NULL AUTO_INCREMENT,
  `identification` bigint(20) unsigned DEFAULT NULL,
  `name` varchar(255) DEFAULT NULL,
  `surname` varchar(255) DEFAULT NULL,
  `phone_number` varchar(255) DEFAULT NULL,
  `email` varchar(255) DEFAULT NULL,
  `semester` varchar(50) DEFAULT NULL,
  `period_id` int(11) unsigned DEFAULT NULL,
  PRIMARY KEY (`id`),
  KEY `students_period_fk` (`period_id`),
  CONSTRAINT `students_period_fk` FOREIGN KEY (`period_id`) REFERENCES `periods` (`id`) ON DELETE CASCADE ON UPDATE CASCADE
) ENGINE=InnoDB AUTO_INCREMENT=2616 DEFAULT CHARSET=utf8;

-- Volcando datos para la tabla p2_asistencia_actividades.students: ~9 rows (aproximadamente)
/*!40000 ALTER TABLE `students` DISABLE KEYS */;
INSERT INTO `students` (`id`, `identification`, `name`, `surname`, `phone_number`, `email`, `semester`, `period_id`) VALUES
	(2603, 1, 'Camilo', 'Aguirre Bastidas', '3155376942', '1123326682@udeki.com', 'Segundo', 3),
	(2604, 1231, 'Camilo', 'Aguirre Bastidas', '3155376942', 'arusmort@gmail.com', 'Segundo', NULL),
	(2605, 1213, 'Camilo', 'Aguirre Bastidas', '3155376942', 'arusmort@gmail.com', 'Primero', NULL),
	(2607, 212, 'Camilo', 'Aguirre Bastidas', '3155376942', '1123326682@udeki.com', 'Primero', 4),
	(2608, 12, 'Alexis', 'Aguirre Bastidas', '3155376942', 'camiloaguirrebastidas@gmail.com', 'Cuarto', 4),
	(2609, 12, 'Camilo', 'Aguirre Bastidas', '3155376942', '1123326682@udeki.com', 'Quinto', 4),
	(2612, 1231, 'Camilo', 'Aguirre Bastidas', '3155376942', '1123326682@udeki.com', 'Primero', 3),
	(2613, 10001, 'Merlyn', 'Bondad', '1231', 'arusmort@gmail.com', 'Septimo', 3),
	(2614, 123, 'Yan', 'Cuaran', '3155376942', '11233266asaa82@udeki.com', 'Segundo', 3);
/*!40000 ALTER TABLE `students` ENABLE KEYS */;

-- Volcando estructura para tabla p2_asistencia_actividades.student_notes
CREATE TABLE IF NOT EXISTS `student_notes` (
  `id` int(11) unsigned NOT NULL AUTO_INCREMENT,
  `partial_activity_id` int(11) unsigned NOT NULL,
  `student_id` int(11) unsigned NOT NULL,
  `note` varchar(50) NOT NULL DEFAULT '0',
  `commentary` varchar(255) DEFAULT NULL,
  PRIMARY KEY (`id`),
  KEY `student_notes_partials_activities_fk` (`partial_activity_id`),
  KEY `student_notes_student_fk` (`student_id`),
  CONSTRAINT `student_notes_partials_activities_fk` FOREIGN KEY (`partial_activity_id`) REFERENCES `partials_activities` (`id`) ON DELETE CASCADE ON UPDATE CASCADE,
  CONSTRAINT `student_notes_student_fk` FOREIGN KEY (`student_id`) REFERENCES `students` (`id`) ON DELETE CASCADE ON UPDATE CASCADE
) ENGINE=InnoDB AUTO_INCREMENT=2021 DEFAULT CHARSET=utf8;

-- Volcando datos para la tabla p2_asistencia_actividades.student_notes: ~5 rows (aproximadamente)
/*!40000 ALTER TABLE `student_notes` DISABLE KEYS */;
INSERT INTO `student_notes` (`id`, `partial_activity_id`, `student_id`, `note`, `commentary`) VALUES
	(2002, 259, 2603, '5.00', '123'),
	(2003, 201, 2603, '5.00', 'Excelente'),
	(2006, 201, 2607, '123.00', '123'),
	(2008, 201, 2608, '4.00', 'Ayuda'),
	(2018, 111, 2603, '5.00', 'asda');
/*!40000 ALTER TABLE `student_notes` ENABLE KEYS */;

/*!40101 SET SQL_MODE=IFNULL(@OLD_SQL_MODE, '') */;
/*!40014 SET FOREIGN_KEY_CHECKS=IF(@OLD_FOREIGN_KEY_CHECKS IS NULL, 1, @OLD_FOREIGN_KEY_CHECKS) */;
/*!40101 SET CHARACTER_SET_CLIENT=@OLD_CHARACTER_SET_CLIENT */;
